unit,year,Y,X,C1,C2
R01,2018,0.3239578789297396,0.2554875152648425,0.8592694302289617,0.644151731940604
R02,2018,0.929552565323871,0.319849591725782,1.2668535854948542,-0.19355370904381425
R03,2018,0.361326500320295,0.6585677172589512,0.8678707723229347,-0.07621629343234233
R04,2018,1.0778433611292388,0.6037907184493886,1.3111549311743884,-0.6124084653777179
R05,2018,0.4069666801620029,0.5087193235390136,1.0760411308821203,-0.13521768299179138
R06,2018,1.1445202324837014,0.9377002273093072,1.1761395366536618,0.5850829620184158
R07,2018,1.1343015818999205,0.438195248180528,1.0841763042905157,-0.3328140091001369
R08,2018,1.7230793764165266,0.7955086059791717,1.7961829003089531,0.5311920606370554
R09,2018,0.7247212180628991,0.24079044523977777,1.015628206173479,0.0821723221285423
R10,2018,1.0086694020493314,0.41109926848210643,0.8468273427004221,0.3968744097040053
R11,2018,0.9888935415824764,1.1454022270035116,0.9699701011299895,-0.2671108201190371
R12,2018,2.1383602168790543,1.1241586308786902,1.2993396756753954,-0.6216788970723846
R01,2019,1.2623272723435048,0.8425750923047779,1.0250608781387052,-0.5392170507448687
R02,2019,1.8866336659083482,1.0442811773743774,1.4616058738558753,-0.5189834246360043
R03,2019,0.29600561601595643,0.5334044553183712,1.1693636660445204,1.2576748479744089
R04,2019,1.2380829946577814,1.1774828979369252,1.5153336681739549,-0.8661709943160396
R05,2019,0.9560852135963223,0.7019462256876204,0.7341196251554625,0.4421216118202129
R06,2019,1.738865480036456,0.6668545264727905,1.106165026594825,-0.4240952960146569
R07,2019,1.4024577142297572,0.4982325067445856,1.1778601485491171,-0.34446820714657744
R08,2019,1.3952311056656361,0.8818741526379723,1.0918551919812551,0.04493840903377859
R09,2019,1.1433744792724247,0.7652465253575316,1.1765022620091816,-0.4428413442237789
R10,2019,0.7997395772662008,0.299358610739176,0.7792990891338991,-0.37293614752247606
R11,2019,1.4971772291467071,1.4595670613250036,1.3580692734865947,-0.006922287334058307
R12,2019,1.6035322761715323,0.927697109454317,1.415270264576154,-1.4680111902808242
R01,2020,1.2814588231606208,0.6281015150946039,1.030845811631123,0.018400388799680777
R02,2020,2.044172980346111,0.9523431435971276,1.321016788829258,0.006826824650731803
R03,2020,1.5543058198208886,1.2249389654138307,1.0799081522546712,0.3986681861996986
R04,2020,1.6863517394280267,1.0322434817653308,0.9735128118155327,0.11739911577381702
R05,2020,1.2765710848618632,0.8498690556667574,1.1513536067711456,-0.7973788200390332
R06,2020,2.4785076818772453,0.8724284785025958,1.245730149629044,-0.4575237812359798
R07,2020,1.7836457933995693,0.8611581401136194,1.0118929067000875,-0.13933164718791768
R08,2020,1.8056461070158816,0.7754020045803318,1.1976451771464485,-0.5526016270076165
R09,2020,0.84030641058276,0.6121865725667995,1.0815429679920907,-0.15828233183438098
R10,2020,0.8936663068002337,0.6519985647247959,1.037772173911722,0.16759472780867926
R11,2020,0.570519535474296,0.7557509981762988,1.002882789440437,-0.05005874017127725
R12,2020,1.5804544539716483,0.9997515254467737,1.1921659246217682,0.7823429995522868
R01,2021,1.3309455588141164,0.2057486902877948,0.7544568528610819,0.5821331346169175
R02,2021,2.5708629065886774,1.0173125174246476,1.1637561640207614,-0.1199990916265684
R03,2021,1.2699610232470042,0.7630203035993531,1.3243742297893326,-0.1963010182002793
R04,2021,1.6700367416101687,1.0093984641112477,0.8363535691699291,0.6233689740514163
R05,2021,0.8687923043831786,0.4950402635896789,1.2116911817516351,0.4023484233567199
R06,2021,3.0652452733815987,1.7408563324534958,1.3398426829152579,-0.8530069569974039
R07,2021,1.605604362487507,0.4152645418015929,0.8659750706842108,-0.4129368277404497
R08,2021,2.448665906181268,1.1441790361124675,1.1340283846336847,0.007365648653478889
R09,2021,1.7978669382830406,1.0694002768529538,1.0493200206887847,-1.4246010564375018
R10,2021,1.5146748917532185,0.4611232920905495,1.0381394803697264,-0.7933085667104696
R11,2021,1.0267528429654225,0.6603942253751196,1.2524490762221236,-0.6386450921081452
R12,2021,2.023064103680618,1.000276762114893,1.5301652898212086,-0.8082237177986911
R01,2022,2.1473589235774373,0.8124321824100464,0.9134640596673128,-0.10782601592892221
R02,2022,2.3298658640615773,0.8977486601595017,1.134855060419685,-0.3505905042463815
R03,2022,1.5016971512847177,0.8300865650871769,1.4139545675607854,0.1006707332618233
R04,2022,2.0778883829384434,1.1225339529145038,1.4845721231531508,-0.28787788405887804
R05,2022,1.7264596058762012,1.393502697174239,1.2289360787688337,0.9765256117230078
R06,2022,3.56023831223989,1.540772036527605,1.3963129731330712,-0.10245320105717284
R07,2022,1.6983220289583416,0.7307941640957415,0.9762744491634546,0.9989098469335764
R08,2022,2.3762683844887964,0.9063702515233087,1.5017810311628201,0.28587460090188743
R09,2022,2.5148225205292034,0.6255626834006492,1.2242957263796068,0.5479530507449137
R10,2022,1.6610370345452523,0.6586195013199081,1.3383649154082808,-0.3837989292227502
R11,2022,0.7871420238541843,0.6518034422019602,0.7961134549507987,-0.0321306995895367
R12,2022,2.703835019366396,1.2875457990738162,1.3835930174783955,-0.004971661012170328
R01,2023,2.4514137455077103,1.000268437153935,1.0166730442526086,0.763048442165052
R02,2023,2.7547689662183847,1.3371292009228137,1.2862762964364824,0.7680037366212368
R03,2023,2.3445340906062446,1.636845076142554,1.1665732241643052,-0.19977611867355088
R04,2023,2.1921857664272264,1.3735791247594007,1.54777297135897,0.21055144220061783
R05,2023,1.8746413677969815,1.0946744725124535,1.0685404103772511,-0.7938608532282009
R06,2023,3.775173978847619,1.7867700107483513,1.4191059484099604,0.10572215533445983
R07,2023,2.6796066567273202,0.8443404283416455,1.0568581263150056,-0.257092975774688
R08,2023,3.0414163726718435,1.5225541676957108,1.9075839236845917,-0.270201988066833
R09,2023,2.201809406544116,0.9339226793922495,1.6430864293607585,-0.4729943387818265
R10,2023,2.64274744794234,1.1275447877135456,1.4191897267701656,-0.8194158779397123
R11,2023,2.2054907228778635,1.3279094680615642,1.6243343575461253,0.14285479874466536
R12,2023,2.8968480314446827,1.3842221600909501,1.7448816250540409,0.6309043433375666
